Rk,School,G,W,L,W-L%,SRS,SOS,Unnamed: 8_level_1,W,L,Unnamed: 11_level_1,W,L,Unnamed: 14_level_1,W,L,Unnamed: 17_level_1,Tm.,Opp.,Unnamed: 20_level_1,Pace,ORtg,FTr,3PAr,TS%,TRB%,AST%,STL%,BLK%,eFG%,TOV%,ORB%,FT/FGA
1,Abilene Christian,32,16,16,.500,-5.84,-2.39,,8,8,,10,5,,5,10,,2260,2250,,71.1,98.6,.361,.262,.523,50.1,51.4,14.4,8.5,.483,18.0,31.8,.258
2,Air Force,32,4,28,.125,-8.07,3.65,,1,19,,3,13,,0,14,,1982,2357,,64.7,95.0,.354,.485,.525,46.6,62.9,8.7,8.1,.501,18.7,22.7,.225
3,Akron NCAA,35,28,7,.800,3.22,-3.75,,17,1,,16,0,,8,4,,2941,2627,,72.5,115.4,.261,.459,.579,52.3,58.6,10.5,9.8,.552,14.0,32.7,.197
4,Alabama NCAA,37,28,9,.757,25.54,16.14,,13,5,,12,3,,9,3,,3355,3007,,76.0,118.5,.393,.466,.596,53.5,55.4,8.1,10.1,.566,14.3,33.7,.283
5,Alabama A&M,32,10,22,.313,-20.52,-9.93,,6,12,,8,9,,2,12,,2337,2521,,73.0,98.4,.375,.410,.504,49.5,54.3,11.2,11.5,.470,18.1,35.1,.249
6,Alabama State NCAA,36,20,16,.556,-8.99,-8.19,,12,6,,8,3,,6,10,,2630,2607,,69.5,104.7,.290,.427,.505,47.7,45.1,11.4,8.2,.475,11.1,28.7,.199
7,Albany (NY),33,17,16,.515,-9.75,-8.55,,8,8,,7,7,,8,8,,2463,2437,,68.7,107.5,.289,.360,.530,50.8,45.9,11.9,6.5,.499,13.3,32.9,.207
8,Alcorn State,32,11,21,.344,-14.06,-6.96,,11,7,,6,3,,5,17,,2081,2307,,66.3,97.7,.306,.294,.496,49.9,43.6,9.9,8.7,.458,16.6,33.5,.219
9,American NCAA,35,22,13,.629,-7.64,-6.85,,13,5,,14,2,,5,10,,2406,2370,,64.4,105.2,.299,.454,.556,48.4,52.5,10.0,5.5,.523,15.2,24.5,.226
10,Appalachian State,31,17,14,.548,-2.59,-3.83,,10,8,,10,4,,5,8,,2102,1970,,64.5,104.7,.350,.412,.533,50.7,52.7,8.5,10.1,.507,14.5,28.2,.228
11,Arizona NCAA,37,24,13,.649,22.94,13.72,,14,6,,13,3,,6,5,,3052,2711,,70.4,116.3,.358,.347,.575,55.0,55.6,10.6,12.1,.533,13.7,36.0,.280
12,Arizona State,33,13,20,.394,10.62,13.32,,4,16,,5,9,,3,8,,2444,2533,,70.1,104.4,.362,.426,.551,47.8,51.1,7.4,12.1,.515,15.6,25.1,.263
13,Arkansas NCAA,36,22,14,.611,17.09,11.70,,8,10,,14,4,,4,6,,2765,2571,,70.3,108.5,.356,.366,.559,50.1,52.1,10.6,15.0,.522,14.3,28.1,.263
14,Arkansas State,36,25,11,.694,5.81,-2.40,,13,5,,14,2,,8,6,,2858,2528,,70.4,111.9,.325,.451,.535,51.9,52.0,10.3,11.3,.500,12.3,34.0,.236
15,Arkansas-Pine Bluff,31,6,25,.194,-24.34,-8.44,,3,15,,4,8,,2,17,,2242,2602,,73.1,99.0,.320,.379,.529,46.8,54.2,9.7,6.3,.515,17.5,26.9,.190
16,Army,33,17,16,.515,-12.11,-7.30,,10,8,,12,4,,4,11,,2416,2473,,67.7,105.7,.256,.426,.527,48.5,52.2,9.7,6.2,.504,12.6,27.3,.174
17,Auburn NCAA,38,32,6,.842,28.68,15.13,,15,3,,13,2,,8,2,,3153,2638,,69.2,119.6,.339,.408,.579,52.7,54.9,9.9,15.8,.549,11.7,34.2,.247
18,Austin Peay,33,14,19,.424,-9.57,-3.86,,8,10,,8,5,,4,13,,2362,2472,,67.2,105.3,.288,.409,.525,46.8,49.8,10.2,7.3,.493,12.7,26.7,.207
19,Ball State,31,14,17,.452,-7.95,-6.49,,7,11,,8,7,,4,9,,2336,2300,,69.0,108.4,.457,.373,.559,50.9,52.1,7.1,6.0,.519,14.8,27.7,.322
20,Baylor NCAA,35,20,15,.571,18.77,13.86,,10,10,,13,3,,3,9,,2664,2443,,65.8,113.6,.301,.398,.548,52.5,53.3,11.3,8.6,.514,13.5,36.6,.225
,,Overall,Overall,Overall,Overall,Overall,Overall,,Conf.,Conf.,,Home,Home,,Away,Away,,Points,Points,,School Advanced,School Advanced,School Advanced,School Advanced,School Advanced,School Advanced,School Advanced,School Advanced,School Advanced,School Advanced,School Advanced,School Advanced,School Advanced
21,Bellarmine,31,5,26,.161,-15.26,-4.88,,2,16,,5,10,,0,16,,2252,2484,,67.6,106.6,.255,.445,.576,46.5,53.9,9.3,5.5,.548,16.0,21.2,.197
22,Belmont,33,22,11,.667,1.94,-0.12,,13,7,,11,5,,9,4,,2618,2529,,70.4,112.2,.261,.445,.573,49.1,60.1,9.8,9.2,.550,14.0,27.2,.187
23,Bethune-Cookman,33,17,16,.515,-10.22,-6.70,,13,5,,8,2,,7,12,,2265,2381,,69.6,98.6,.359,.339,.517,49.8,52.9,9.6,9.7,.482,17.0,28.8,.248
24,Binghamton,32,15,17,.469,-13.50,-9.12,,7,9,,9,4,,5,12,,2233,2287,,66.8,103.2,.336,.365,.555,52.2,51.9,7.1,8.4,.527,17.6,27.6,.233
25,Boise State,37,26,11,.703,13.86,5.75,,14,6,,13,2,,6,5,,2804,2477,,66.3,113.9,.377,.423,.574,55.6,56.1,8.5,7.6,.529,14.2,33.0,.294
26,Boston College,31,12,19,.387,-0.25,5.14,,4,16,,9,8,,0,10,,2182,2349,,66.8,102.4,.315,.330,.524,49.1,45.3,7.6,10.5,.489,15.0,28.8,.226
27,Boston University,32,16,16,.500,-11.00,-8.39,,10,8,,12,4,,3,12,,2148,2191,,64.1,103.1,.312,.422,.534,54.2,49.6,9.3,8.2,.510,17.4,32.8,.207
28,Bowling Green,32,14,18,.438,-9.53,-6.10,,8,10,,8,8,,5,8,,2352,2366,,70.1,104.8,.337,.401,.546,49.5,44.0,10.3,9.6,.508,15.4,26.5,.251
29,Bradley,37,28,9,.757,6.40,0.24,,15,5,,14,4,,9,3,,2823,2535,,66.4,113.3,.315,.431,.597,51.0,53.8,9.7,11.8,.569,15.3,26.5,.235
30,Brigham Young NCAA,36,26,10,.722,19.07,10.21,,14,6,,15,2,,6,5,,2931,2612,,68.1,117.6,.304,.476,.592,54.3,59.6,10.3,10.0,.570,14.9,33.7,.217
31,Brown,27,14,13,.519,-5.21,-4.28,,6,8,,8,6,,6,7,,1950,1933,,67.4,105.7,.278,.409,.534,50.4,55.0,8.7,14.0,.517,14.7,30.8,.175
32,Bryant NCAA,35,23,12,.657,-1.99,-6.93,,14,2,,12,3,,10,7,,2862,2598,,73.4,111.0,.293,.353,.545,52.9,49.5,9.0,14.4,.516,13.7,34.5,.210
33,Bucknell,33,18,15,.545,-5.35,-6.23,,13,5,,12,4,,6,10,,2443,2414,,67.4,105.0,.367,.410,.562,49.8,52.0,9.4,9.2,.538,16.6,26.0,.244
34,Buffalo,31,9,22,.290,-15.16,-3.92,,4,14,,6,9,,3,13,,2226,2508,,73.3,98.0,.338,.439,.527,47.1,54.0,9.2,8.8,.493,17.6,25.1,.237
35,Butler,35,15,20,.429,10.03,10.14,,6,14,,9,8,,2,9,,2616,2620,,67.6,110.2,.368,.416,.573,50.1,54.5,5.9,6.6,.537,14.4,26.1,.272
36,Cal Poly,35,16,19,.457,-2.47,-0.68,,8,12,,9,5,,5,13,,2873,2901,,75.0,107.9,.267,.509,.583,48.0,52.9,10.3,5.6,.554,18.2,28.0,.205
37,Cal State Bakersfield,33,14,19,.424,-5.93,-2.26,,8,12,,9,6,,4,11,,2434,2430,,67.6,108.3,.343,.295,.538,53.0,39.2,10.0,9.0,.494,15.5,36.7,.264
38,Cal State Fullerton,32,6,26,.188,-15.96,0.37,,1,19,,4,11,,2,15,,2024,2475,,68.8,92.0,.398,.338,.500,48.5,42.2,7.7,6.1,.447,19.0,27.2,.295
39,Cal State Northridge,33,22,11,.667,1.83,-3.36,,14,6,,10,3,,10,7,,2650,2406,,72.8,109.9,.357,.312,.557,55.9,56.6,10.4,10.5,.522,16.0,35.6,.259
40,California,33,14,19,.424,5.48,6.69,,6,14,,11,6,,2,11,,2494,2534,,67.8,108.1,.389,.378,.526,51.8,41.2,9.0,9.3,.478,13.9,34.7,.290
,,Overall,Overall,Overall,Overall,Overall,Overall,,Conf.,Conf.,,Home,Home,,Away,Away,,Points,Points,,School Advanced,School Advanced,School Advanced,School Advanced,School Advanced,School Advanced,School Advanced,School Advanced,School Advanced,School Advanced,School Advanced,School Advanced,School Advanced
41,California Baptist,32,17,15,.531,-1.13,-2.35,,9,7,,11,5,,4,8,,2280,2241,,67.5,104.4,.297,.350,.522,51.3,45.6,9.7,6.9,.483,15.0,33.3,.225
42,Campbell,32,15,17,.469,-5.39,-4.96,,10,8,,8,6,,7,10,,2246,2169,,66.5,105.1,.303,.413,.544,48.0,54.3,10.3,8.8,.506,14.0,24.6,.234
43,Canisius,31,3,28,.097,-19.26,-5.42,,3,17,,1,12,,2,15,,2008,2437,,66.2,97.8,.233,.414,.540,41.6,47.7,9.3,7.2,.512,17.0,18.3,.177
44,Central Arkansas,33,9,24,.273,-15.16,-4.29,,4,14,,7,7,,1,17,,2318,2578,,67.9,101.1,.280,.482,.513,49.3,55.4,10.6,8.0,.480,15.3,29.4,.201
45,Central Connecticut State,32,25,7,.781,-4.47,-11.21,,14,2,,13,3,,12,3,,2312,2012,,66.5,108.2,.255,.358,.564,52.5,52.4,11.3,12.2,.538,15.0,27.0,.189
46,Central Michigan,31,14,17,.452,-4.51,-2.80,,7,11,,8,6,,6,10,,2341,2237,,69.6,107.7,.362,.338,.553,52.7,50.3,10.5,8.7,.517,15.2,32.1,.262
47,Charleston Southern,32,10,22,.313,-11.12,-2.45,,6,10,,7,5,,3,14,,2307,2503,,69.6,102.3,.448,.424,.526,51.9,47.7,6.7,6.3,.490,16.5,32.0,.296
48,Charlotte,33,11,22,.333,-5.45,-0.63,,3,15,,8,8,,1,12,,2328,2460,,65.4,105.8,.425,.412,.536,47.5,53.2,7.6,5.9,.485,13.2,25.7,.318
49,Chattanooga,38,29,9,.763,2.37,-2.94,,15,3,,14,3,,12,5,,3030,2772,,67.4,115.6,.299,.460,.592,50.0,60.7,9.9,8.2,.562,12.9,26.0,.230
50,Chicago State,32,4,28,.125,-21.12,-4.97,,4,12,,3,7,,1,19,,2001,2518,,69.0,90.0,.268,.409,.478,43.1,48.5,10.6,10.2,.444,16.4,22.6,.189
51,Cincinnati,35,19,16,.543,14.23,9.28,,7,13,,12,5,,4,9,,2491,2318,,66.6,106.9,.231,.383,.529,50.9,51.0,11.4,11.1,.511,13.3,32.2,.154
52,Clemson NCAA,34,27,7,.794,17.81,7.51,,18,2,,15,2,,9,3,,2586,2236,,65.0,114.4,.283,.388,.566,52.0,52.0,11.2,10.0,.534,13.6,33.7,.218
53,Cleveland State,36,23,13,.639,-1.55,-3.85,,14,6,,14,4,,7,7,,2631,2395,,66.7,109.1,.301,.324,.539,50.8,50.8,12.9,14.4,.506,14.6,35.3,.220
54,Coastal Carolina,32,10,22,.313,-12.13,-5.93,,3,15,,6,8,,3,13,,2136,2275,,64.4,103.2,.344,.399,.531,51.5,49.6,5.1,4.5,.497,16.0,29.4,.241
55,Colgate,33,14,19,.424,-7.71,-6.40,,10,8,,10,4,,4,13,,2379,2388,,66.9,106.9,.228,.425,.566,49.2,52.6,9.5,6.9,.544,15.0,24.0,.167
56,College of Charleston,33,24,9,.727,-0.60,-3.38,,13,5,,13,2,,7,5,,2549,2437,,70.3,108.3,.348,.399,.557,50.1,58.9,9.1,6.2,.525,14.2,26.6,.249
57,Colorado,35,14,21,.400,9.62,11.74,,3,17,,11,7,,0,10,,2441,2515,,68.2,101.6,.358,.373,.546,51.4,58.4,10.2,11.0,.504,18.4,29.2,.269
58,Colorado State NCAA,36,26,10,.722,13.94,6.05,,16,4,,14,2,,7,4,,2707,2423,,66.3,112.3,.316,.428,.590,52.3,62.3,7.7,7.9,.555,15.3,27.0,.245
59,Columbia,27,12,15,.444,-9.18,-5.70,,1,13,,9,6,,3,9,,2117,2109,,71.2,110.1,.290,.398,.562,50.3,61.0,10.9,5.9,.533,13.5,27.5,.213
60,Connecticut NCAA,35,24,11,.686,17.87,8.87,,14,6,,14,2,,7,4,,2696,2381,,64.6,117.6,.308,.427,.586,54.6,63.5,8.3,17.5,.550,14.5,35.5,.244
,,Overall,Overall,Overall,Overall,Overall,Overall,,Conf.,Conf.,,Home,Home,,Away,Away,,Points,Points,,School Advanced,School Advanced,School Advanced,School Advanced,School Advanced,School Advanced,School Advanced,School Advanced,School Advanced,School Advanced,School Advanced,School Advanced,School Advanced
61,Coppin State,30,6,24,.200,-21.26,-5.71,,4,10,,5,6,,1,17,,1867,2292,,69.2,89.5,.363,.321,.484,45.2,51.5,11.7,5.6,.444,18.8,26.6,.247
62,Cornell,29,18,11,.621,0.91,-3.76,,9,5,,9,5,,8,5,,2467,2248,,72.2,117.8,.277,.489,.616,50.7,62.5,8.7,8.5,.592,14.8,27.5,.209
63,Creighton NCAA,36,25,11,.694,16.49,11.04,,15,5,,15,2,,6,5,,2717,2521,,67.7,110.7,.286,.489,.586,52.2,63.1,5.3,10.5,.561,16.0,26.4,.208
64,Dartmouth,28,14,14,.500,-4.74,-5.43,,8,6,,9,4,,5,9,,2166,2013,,71.9,107.1,.304,.471,.553,51.0,59.0,7.1,7.8,.520,14.1,24.7,.226
65,Davidson,33,17,16,.515,1.02,0.46,,6,12,,11,6,,4,7,,2393,2334,,66.6,109.0,.290,.416,.556,49.5,57.2,8.6,7.4,.525,12.9,24.6,.216
66,Dayton,34,23,11,.676,8.14,4.05,,12,6,,16,2,,6,5,,2564,2408,,66.1,112.4,.376,.410,.570,50.9,59.3,10.5,10.6,.532,13.6,29.6,.279
67,Delaware,36,16,20,.444,-6.11,-4.14,,5,13,,8,7,,3,11,,2780,2803,,70.4,109.7,.300,.408,.585,46.8,51.6,9.1,7.4,.551,15.2,23.0,.235
68,Delaware State,30,16,14,.533,-12.24,-9.05,,8,6,,11,2,,3,11,,2360,2229,,71.8,108.7,.339,.222,.538,52.4,48.1,11.9,7.5,.502,14.7,36.2,.245
69,Denver,32,11,21,.344,-10.40,-3.02,,5,11,,8,6,,3,12,,2316,2483,,68.7,103.7,.329,.367,.549,47.5,44.8,9.8,7.6,.513,16.1,26.3,.243
70,DePaul,34,14,20,.412,5.30,7.33,,4,16,,11,8,,2,10,,2463,2532,,67.7,104.7,.278,.462,.551,49.6,59.5,8.8,9.3,.525,16.0,26.9,.196
71,Detroit Mercy,32,8,24,.250,-13.46,-3.11,,4,16,,6,7,,2,15,,2146,2428,,67.7,97.6,.290,.288,.497,51.2,44.4,8.4,8.0,.459,16.2,32.5,.213
72,Drake NCAA,35,31,4,.886,9.60,1.27,,17,3,,14,2,,10,1,,2444,2062,,60.2,114.0,.423,.366,.578,54.9,56.0,14.6,8.5,.547,15.5,35.5,.296
73,Drexel,33,18,15,.545,-3.64,-5.61,,9,9,,8,6,,7,7,,2322,2207,,64.2,107.6,.247,.372,.547,52.9,49.4,7.5,12.0,.525,15.9,33.5,.173
74,Duke NCAA,39,35,4,.897,30.72,10.26,,19,1,,17,0,,10,1,,3246,2448,,66.6,125.0,.329,.446,.613,55.2,58.6,10.1,10.9,.579,12.1,34.0,.260
75,Duquesne,32,13,19,.406,1.18,0.89,,8,10,,9,7,,2,8,,2212,2155,,65.4,104.8,.296,.428,.528,50.6,55.6,10.8,12.6,.505,15.6,33.3,.193
76,East Carolina,33,19,14,.576,-0.69,-0.82,,10,8,,12,6,,4,6,,2502,2434,,68.0,109.4,.360,.349,.530,51.7,49.8,10.9,11.8,.491,13.2,34.9,.259
77,East Tennessee State,32,19,13,.594,-1.07,-5.20,,12,6,,13,3,,6,9,,2301,2128,,66.1,108.7,.322,.414,.531,52.7,50.9,12.1,11.6,.506,13.8,35.2,.213
78,East Texas A&M,31,5,26,.161,-12.38,-1.86,,3,17,,4,10,,1,16,,1995,2321,,67.8,94.5,.280,.483,.514,45.4,61.6,12.3,10.7,.492,19.7,28.1,.180
79,Eastern Illinois,31,12,19,.387,-12.62,-5.91,,8,12,,7,7,,4,12,,2062,2140,,67.9,97.2,.338,.289,.493,49.3,47.2,13.1,9.1,.458,15.6,30.9,.229
80,Eastern Kentucky,32,18,14,.563,-3.86,-4.46,,12,6,,10,3,,7,9,,2491,2408,,68.7,111.5,.269,.425,.531,49.7,47.2,12.4,9.3,.498,11.8,34.1,.201
,,Overall,Overall,Overall,Overall,Overall,Overall,,Conf.,Conf.,,Home,Home,,Away,Away,,Points,Points,,School Advanced,School Advanced,School Advanced,School Advanced,School Advanced,School Advanced,School Advanced,School Advanced,School Advanced,School Advanced,School Advanced,School Advanced,School Advanced
81,Eastern Michigan,32,16,16,.500,-9.21,-5.38,,9,9,,9,5,,6,10,,2355,2449,,68.3,106.8,.336,.381,.561,49.2,48.0,10.1,9.8,.526,16.5,30.1,.247
82,Eastern Washington,32,10,22,.313,-8.85,-2.11,,6,12,,8,6,,2,14,,2283,2415,,68.4,104.3,.309,.371,.555,47.3,53.4,11.0,9.0,.517,16.3,27.0,.241
83,Elon,33,17,16,.515,-4.32,-4.94,,8,10,,10,4,,6,9,,2433,2315,,66.2,110.9,.382,.423,.554,54.7,49.2,7.7,11.7,.512,15.8,37.6,.286
84,Evansville,32,11,21,.344,-6.02,0.34,,8,12,,7,9,,4,11,,2113,2263,,67.1,98.4,.304,.409,.525,47.8,53.0,8.9,13.8,.495,15.8,22.8,.212
85,Fairfield,32,12,20,.375,-14.52,-7.68,,8,12,,8,6,,3,12,,2161,2324,,66.7,100.9,.260,.379,.500,47.5,51.5,10.2,8.4,.467,13.3,29.2,.189
86,FDU,33,13,20,.394,-11.96,-8.06,,8,8,,9,5,,4,15,,2431,2415,,69.2,104.9,.331,.421,.540,47.7,52.9,9.9,7.1,.507,14.7,27.2,.235
87,Florida NCAA,40,36,4,.900,27.78,12.60,,14,4,,15,1,,7,3,,3391,2784,,70.6,120.1,.349,.437,.580,55.6,52.4,10.5,11.7,.549,13.2,38.5,.254
88,Florida A&M,31,14,17,.452,-13.37,-6.03,,10,8,,9,3,,4,13,,2235,2334,,69.3,104.1,.359,.469,.555,49.3,51.7,7.5,8.6,.521,17.4,28.6,.256
89,Florida Atlantic,34,18,16,.529,3.72,1.96,,10,8,,8,6,,6,7,,2677,2569,,69.8,111.6,.330,.408,.562,50.6,57.4,8.9,11.1,.535,14.1,31.1,.230
90,Florida Gulf Coast,34,19,15,.559,-2.89,-4.92,,13,5,,11,5,,7,9,,2454,2370,,65.6,110.0,.232,.384,.555,52.6,51.0,8.4,7.1,.537,14.0,30.3,.159
91,Florida International,33,10,23,.303,-6.72,-1.66,,3,15,,7,8,,1,13,,2285,2380,,69.6,98.0,.348,.303,.508,50.3,49.1,12.7,13.6,.468,16.7,31.6,.246
92,Florida State,32,17,15,.531,8.43,6.43,,8,12,,11,5,,2,9,,2383,2319,,70.2,105.6,.394,.337,.546,49.4,50.0,10.8,14.1,.507,15.3,29.7,.282
93,Fordham,33,12,21,.364,-4.44,0.59,,3,15,,8,8,,2,10,,2452,2573,,70.5,104.2,.333,.416,.527,50.0,53.2,10.6,8.7,.491,15.7,31.9,.239
94,Fresno State,32,6,26,.188,-5.60,4.40,,2,18,,5,9,,1,14,,2262,2582,,70.7,97.3,.364,.353,.500,45.9,44.0,10.4,8.7,.461,15.4,27.0,.252
95,Furman,35,25,10,.714,-0.15,-3.27,,11,7,,13,3,,9,6,,2702,2443,,67.0,113.9,.336,.512,.576,51.4,64.0,9.7,9.0,.552,14.3,30.9,.231
96,Gardner-Webb,31,11,20,.355,-8.21,-3.86,,5,11,,5,6,,3,13,,2287,2422,,70.2,105.1,.362,.331,.550,52.0,39.4,7.4,8.8,.519,17.9,33.4,.251
97,George Mason,36,27,9,.750,7.20,0.83,,15,3,,18,2,,7,6,,2564,2296,,65.3,106.9,.423,.369,.560,53.0,52.5,11.3,10.8,.521,16.9,32.0,.302
98,George Washington,34,21,13,.618,2.00,-1.70,,9,9,,13,4,,5,6,,2489,2327,,67.5,107.2,.404,.419,.548,50.1,55.5,13.0,8.5,.512,15.9,31.7,.280
99,Georgetown,34,18,16,.529,8.18,5.77,,8,12,,14,5,,3,9,,2447,2365,,68.4,105.2,.256,.381,.529,50.8,52.7,11.5,10.7,.504,14.6,31.6,.180
100,Georgia NCAA,33,20,13,.606,16.36,10.94,,8,10,,15,3,,3,7,,2486,2307,,68.6,109.8,.401,.370,.558,52.8,47.8,11.3,14.5,.521,16.1,36.0,.288
,,Overall,Overall,Overall,Overall,Overall,Overall,,Conf.,Conf.,,Home,Home,,Away,Away,,Points,Points,,School Advanced,School Advanced,School Advanced,School Advanced,School Advanced,School Advanced,School Advanced,School Advanced,School Advanced,School Advanced,School Advanced,School Advanced,School Advanced
101,Georgia Southern,33,17,16,.515,-7.53,-5.47,,8,10,,11,3,,4,11,,2449,2505,,70.0,104.4,.267,.442,.527,49.5,50.7,11.1,10.6,.506,16.0,33.0,.175
102,Georgia State,33,14,19,.424,-7.51,-3.01,,8,10,,9,6,,3,11,,2479,2583,,69.8,107.3,.328,.338,.537,51.4,44.7,7.5,7.8,.508,14.5,33.2,.225
103,Georgia Tech,34,17,17,.500,6.30,5.89,,10,10,,14,6,,2,9,,2485,2471,,69.0,104.4,.307,.368,.530,51.0,56.1,8.4,10.2,.502,15.0,30.3,.211
104,Gonzaga NCAA,35,26,9,.743,23.75,7.27,,14,4,,13,2,,8,2,,3024,2447,,70.4,121.5,.307,.336,.597,53.8,62.4,10.5,8.3,.560,11.6,32.5,.246
105,Grambling,34,12,22,.353,-12.44,-7.57,,7,11,,6,7,,4,12,,2271,2301,,67.0,99.0,.333,.348,.526,49.2,48.4,9.9,9.8,.488,16.7,26.7,.243
106,Grand Canyon NCAA,34,26,8,.765,4.97,-2.63,,13,3,,16,1,,5,4,,2661,2362,,72.5,107.5,.439,.341,.554,52.5,51.8,12.6,13.2,.509,15.7,32.6,.321
107,Green Bay,32,4,28,.125,-13.21,-2.53,,2,18,,3,11,,1,17,,2237,2570,,69.0,100.9,.367,.459,.555,44.7,60.2,7.1,5.5,.508,16.6,19.1,.288
108,Hampton,33,17,16,.515,-5.21,-4.01,,8,10,,10,4,,4,9,,2391,2309,,67.0,107.8,.300,.369,.520,52.5,45.7,11.2,9.1,.487,13.4,35.3,.214
109,Harvard,27,12,15,.444,-7.89,-3.92,,7,7,,7,5,,5,10,,1848,1945,,66.7,102.1,.249,.399,.539,47.4,54.3,11.0,7.7,.508,15.8,25.1,.191
110,Hawaii,31,15,16,.484,-3.57,-1.02,,7,13,,13,7,,2,9,,2173,2208,,66.7,104.2,.392,.382,.552,54.2,49.4,5.3,6.0,.511,17.5,31.3,.290
111,High Point NCAA,35,29,6,.829,5.30,-5.19,,14,2,,16,1,,7,3,,2858,2413,,67.1,121.3,.367,.393,.599,53.7,45.4,9.1,7.8,.564,13.2,35.0,.280
112,Hofstra,33,15,18,.455,-4.97,-3.88,,6,12,,6,7,,5,9,,2202,2141,,64.9,101.2,.256,.431,.527,49.9,56.3,9.0,11.9,.500,15.1,25.7,.183
113,Holy Cross,32,13,19,.406,-12.54,-7.37,,5,13,,7,6,,4,13,,2227,2307,,66.2,104.3,.220,.417,.558,49.2,48.3,6.9,7.8,.537,16.1,23.4,.159
114,Houston NCAA,40,35,5,.875,28.45,13.45,,19,1,,16,1,,10,0,,2946,2346,,62.4,116.2,.272,.347,.547,53.9,45.1,12.2,15.8,.517,11.8,36.9,.201
115,Houston Christian,32,12,20,.375,-8.17,-2.97,,9,11,,8,7,,4,12,,2111,2220,,65.3,101.0,.312,.439,.524,46.9,46.9,12.1,9.4,.495,15.7,26.7,.214
116,Howard,32,12,20,.375,-12.02,-6.88,,7,7,,8,6,,3,11,,2480,2538,,71.5,107.5,.367,.399,.575,49.9,59.4,7.8,7.7,.539,18.1,30.1,.272
117,Idaho,33,14,19,.424,-8.00,-3.49,,8,10,,8,6,,5,11,,2430,2493,,67.1,109.3,.339,.473,.559,49.6,49.2,8.7,8.1,.522,15.2,29.9,.254
118,Idaho State,30,15,15,.500,-3.95,-4.02,,10,8,,10,4,,5,10,,2230,2099,,66.7,110.9,.336,.376,.532,56.4,51.1,9.0,12.9,.492,13.3,39.7,.249
119,Illinois NCAA,35,22,13,.629,21.59,12.79,,12,8,,13,4,,5,5,,2927,2619,,72.3,114.8,.344,.472,.563,56.0,51.7,5.9,9.2,.524,13.6,35.8,.262
120,Illinois State,36,22,14,.611,1.91,-0.57,,10,10,,12,4,,5,7,,2727,2585,,66.1,114.2,.311,.472,.598,50.8,54.3,8.4,5.5,.570,14.2,24.9,.233
,,Overall,Overall,Overall,Overall,Overall,Overall,,Conf.,Conf.,,Home,Home,,Away,Away,,Points,Points,,School Advanced,School Advanced,School Advanced,School Advanced,School Advanced,School Advanced,School Advanced,School Advanced,School Advanced,School Advanced,School Advanced,School Advanced,School Advanced
121,Illinois-Chicago,31,17,14,.548,-0.63,0.58,,10,10,,9,5,,7,6,,2357,2286,,69.1,108.2,.339,.392,.556,51.8,57.3,9.6,8.2,.523,15.0,30.5,.244
122,Incarnate Word,36,19,17,.528,-5.61,-5.23,,9,11,,11,5,,4,10,,2659,2508,,65.4,112.1,.289,.358,.557,52.5,45.2,10.5,10.1,.534,14.7,35.7,.198
123,Indiana,32,19,13,.594,14.63,12.00,,10,10,,14,4,,4,6,,2389,2305,,69.1,107.7,.331,.332,.543,51.9,58.4,8.4,9.2,.511,14.4,31.5,.233
124,Indiana State,32,14,18,.438,-3.15,-0.65,,8,12,,8,6,,4,9,,2563,2545,,72.4,109.4,.344,.494,.585,50.6,57.2,9.3,5.9,.551,17.0,26.7,.258
125,Iona,34,17,17,.500,-8.58,-7.78,,12,8,,7,7,,7,7,,2369,2396,,68.6,100.9,.279,.347,.504,53.1,56.4,13.9,9.4,.475,17.3,39.1,.191
126,Iowa,33,17,16,.515,12.85,10.06,,7,13,,12,6,,2,8,,2722,2630,,71.4,115.1,.260,.410,.587,46.4,59.8,9.3,11.0,.568,12.2,25.1,.183
127,Iowa State NCAA,35,25,10,.714,22.33,10.33,,13,7,,15,2,,6,5,,2812,2392,,69.4,114.1,.379,.368,.586,53.0,53.4,13.2,10.1,.549,14.9,32.2,.285
128,IU Indy,32,10,22,.313,-11.52,-4.24,,6,14,,6,8,,4,12,,2402,2458,,66.8,112.0,.337,.469,.553,49.4,54.3,9.3,6.1,.516,13.1,31.9,.250
129,Jackson State,34,16,18,.471,-9.39,-6.24,,14,4,,8,1,,6,15,,2428,2535,,70.1,100.4,.375,.337,.521,50.1,49.7,10.0,9.6,.477,16.8,30.1,.274
130,Jacksonville,33,19,14,.576,-4.29,-3.80,,12,6,,11,3,,7,9,,2379,2360,,68.7,104.5,.292,.339,.527,52.4,52.1,11.2,12.3,.502,16.3,35.8,.197
131,Jacksonville State,36,23,13,.639,1.76,0.12,,12,6,,12,2,,8,8,,2653,2464,,66.0,110.9,.313,.373,.547,53.8,44.9,7.6,10.3,.511,13.1,31.8,.236
132,James Madison,32,20,12,.625,-1.72,-2.68,,13,5,,13,2,,5,8,,2365,2256,,65.9,111.2,.306,.443,.551,51.4,45.3,9.1,8.5,.516,13.6,32.1,.231
133,Kansas NCAA,34,21,13,.618,20.09,13.56,,11,9,,14,3,,4,8,,2587,2365,,69.2,108.7,.244,.341,.554,52.6,61.2,8.9,12.9,.531,14.7,30.5,.175
134,Kansas City,33,13,20,.394,-5.66,-3.04,,4,12,,9,5,,2,12,,2386,2218,,66.3,109.1,.321,.445,.545,53.4,49.9,11.2,10.1,.506,15.3,35.6,.244
135,Kansas State,33,16,17,.485,10.89,9.67,,9,11,,10,6,,3,9,,2337,2297,,67.9,103.9,.276,.402,.532,48.8,59.0,10.8,9.2,.506,15.4,29.4,.191
136,Kennesaw State,33,19,14,.576,0.50,0.83,,10,8,,12,3,,5,8,,2526,2417,,71.6,106.1,.368,.458,.539,54.2,51.2,9.2,11.6,.501,16.1,34.4,.265
137,Kent State,36,24,12,.667,1.42,-2.67,,11,7,,11,4,,10,6,,2647,2459,,67.7,108.2,.300,.372,.531,53.5,46.9,11.0,9.7,.495,14.5,35.8,.224
138,Kentucky NCAA,36,24,12,.667,21.26,14.04,,10,8,,15,3,,4,6,,3040,2780,,72.2,116.5,.352,.412,.589,51.9,57.0,9.5,11.4,.559,13.2,28.2,.257
139,La Salle,33,14,19,.424,-3.64,1.02,,5,13,,10,5,,2,10,,2376,2465,,69.6,103.1,.307,.335,.507,50.0,45.9,10.3,10.1,.469,13.1,31.0,.223
140,Lafayette,33,13,20,.394,-10.19,-8.35,,7,11,,10,6,,3,14,,2261,2274,,65.9,102.8,.304,.406,.533,48.6,60.1,8.7,9.8,.506,14.6,25.0,.208
,,Overall,Overall,Overall,Overall,Overall,Overall,,Conf.,Conf.,,Home,Home,,Away,Away,,Points,Points,,School Advanced,School Advanced,School Advanced,School Advanced,School Advanced,School Advanced,School Advanced,School Advanced,School Advanced,School Advanced,School Advanced,School Advanced,School Advanced
141,Lamar,33,20,13,.606,-2.17,-2.64,,14,6,,10,4,,9,6,,2306,2170,,66.8,104.2,.284,.330,.513,52.4,58.6,11.1,14.2,.485,15.5,36.0,.195
142,Le Moyne,32,9,23,.281,-17.81,-8.35,,4,12,,6,7,,2,16,,2371,2566,,69.0,104.6,.367,.414,.560,47.9,55.0,9.8,6.1,.529,17.3,26.9,.259
143,Lehigh,30,11,19,.367,-10.29,-6.71,,6,12,,8,5,,3,14,,2110,2143,,67.3,103.6,.312,.379,.546,47.5,52.9,8.5,5.7,.521,14.3,22.2,.213
144,Liberty NCAA,35,28,7,.800,7.42,-0.99,,13,5,,12,3,,9,2,,2655,2219,,67.1,112.7,.288,.489,.596,48.9,61.4,9.8,7.8,.583,13.7,20.7,.190
145,Lindenwood,33,16,17,.485,-13.17,-7.27,,10,10,,11,3,,3,12,,2348,2354,,70.6,99.3,.358,.342,.506,49.3,44.2,11.7,10.9,.470,15.2,30.4,.243
146,Lipscomb NCAA,35,25,10,.714,4.39,-4.43,,14,4,,15,3,,10,6,,2752,2371,,68.0,115.2,.305,.474,.591,51.1,55.3,10.1,7.8,.555,12.8,25.4,.242
147,Little Rock,33,19,14,.576,-6.86,-7.67,,12,8,,9,5,,9,7,,2287,2219,,68.1,101.1,.289,.308,.531,48.2,53.0,13.2,16.4,.502,17.5,30.6,.204
148,Long Beach State,32,7,25,.219,-10.29,-0.53,,3,17,,3,11,,4,11,,2152,2374,,65.9,100.8,.360,.368,.541,48.3,49.5,8.5,8.5,.498,18.8,29.7,.272
149,Long Island University,33,17,16,.515,-10.97,-9.97,,12,4,,10,5,,7,9,,2235,2156,,65.5,101.5,.271,.340,.518,52.8,46.7,12.2,11.5,.488,16.6,33.6,.195
150,Longwood,32,18,14,.563,-4.63,-5.04,,7,9,,12,4,,5,7,,2504,2371,,70.6,110.8,.454,.339,.563,52.2,50.4,10.8,6.5,.519,15.2,33.1,.330
151,Louisiana,33,12,21,.364,-10.70,-2.33,,8,10,,5,12,,6,5,,2159,2410,,66.7,97.4,.305,.380,.497,44.4,44.9,11.0,8.4,.458,14.1,26.2,.222
152,Louisiana State,32,14,18,.438,9.93,9.68,,3,15,,11,7,,2,8,,2363,2355,,69.5,105.0,.325,.435,.543,48.5,48.8,10.1,11.7,.511,16.1,29.5,.232
153,Louisiana Tech,32,20,12,.625,1.45,-0.72,,9,9,,11,4,,5,7,,2364,2188,,66.6,109.1,.342,.410,.571,53.0,58.4,9.5,11.5,.536,16.3,30.3,.256
154,Louisiana-Monroe,32,7,25,.219,-15.10,-4.30,,3,15,,5,11,,2,12,,2205,2417,,68.7,99.6,.309,.343,.501,49.1,52.8,10.3,7.0,.464,14.5,30.2,.220
155,Louisville NCAA,35,27,8,.771,18.49,9.49,,18,2,,14,3,,9,2,,2747,2432,,69.0,113.3,.337,.478,.567,52.7,51.3,9.2,8.1,.532,14.0,31.9,.251
156,Loyola (IL),37,25,12,.676,3.41,0.19,,12,6,,17,1,,7,5,,2721,2553,,67.4,108.0,.322,.429,.556,51.5,60.8,9.1,13.4,.532,15.2,29.6,.218
157,Loyola (MD),31,12,19,.387,-11.85,-8.48,,6,12,,7,7,,5,12,,2145,2205,,67.0,102.8,.295,.396,.529,50.3,55.0,10.7,7.9,.500,15.5,29.3,.206
158,Loyola Marymount,32,17,15,.531,1.20,2.94,,8,10,,11,6,,3,8,,2279,2290,,68.7,103.6,.285,.404,.537,47.0,51.5,8.4,10.3,.507,13.6,22.9,.206
159,Maine,34,20,14,.588,-6.58,-8.40,,10,6,,10,3,,8,11,,2409,2248,,67.1,105.2,.281,.329,.551,46.1,56.4,13.5,10.3,.521,13.9,23.1,.206
160,Manhattan,31,17,14,.548,-7.67,-8.37,,12,8,,9,5,,8,7,,2365,2327,,67.5,110.8,.320,.415,.549,50.7,56.3,9.2,6.8,.510,14.3,33.1,.246
,,Overall,Overall,Overall,Overall,Overall,Overall,,Conf.,Conf.,,Home,Home,,Away,Away,,Points,Points,,School Advanced,School Advanced,School Advanced,School Advanced,School Advanced,School Advanced,School Advanced,School Advanced,School Advanced,School Advanced,School Advanced,School Advanced,School Advanced
161,Marist,30,20,10,.667,-8.95,-10.45,,13,7,,11,4,,9,5,,1979,1934,,64.2,101.5,.224,.376,.522,52.7,55.8,8.9,9.7,.499,15.9,30.6,.158
162,Marquette NCAA,34,23,11,.676,18.19,10.37,,13,7,,14,3,,7,6,,2603,2337,,68.1,111.6,.259,.464,.546,48.7,49.5,13.1,10.7,.520,11.8,30.0,.187
163,Marshall,33,20,13,.606,-2.26,-4.52,,12,6,,14,3,,5,9,,2499,2366,,69.2,109.0,.341,.403,.537,51.6,54.6,9.6,14.2,.505,14.1,33.5,.236
164,Maryland NCAA,36,27,9,.750,23.33,9.41,,14,6,,17,2,,5,5,,2919,2418,,70.4,114.8,.331,.354,.570,51.7,49.1,11.2,11.8,.536,12.4,30.7,.248
165,Maryland-Baltimore County,32,13,19,.406,-11.56,-8.21,,5,11,,8,9,,5,10,,2559,2522,,71.6,110.0,.312,.387,.581,45.5,50.5,10.1,6.4,.559,14.2,22.0,.216
166,Maryland-Eastern Shore,31,6,25,.194,-20.65,-4.47,,2,12,,5,7,,1,17,,2090,2410,,68.7,98.2,.349,.367,.515,47.5,48.9,7.7,5.6,.484,17.0,27.8,.232
167,Massachusetts,32,12,20,.375,-3.08,0.15,,7,11,,8,8,,4,7,,2333,2399,,71.0,101.2,.342,.321,.489,51.2,49.1,10.8,13.4,.455,13.6,34.8,.227
168,Massachusetts-Lowell,32,17,15,.531,-7.64,-7.60,,6,10,,14,4,,3,11,,2543,2371,,70.3,112.2,.341,.347,.594,52.0,53.7,8.3,10.4,.558,15.8,27.5,.263
169,McNeese State NCAA,35,28,7,.800,9.14,-1.05,,19,1,,13,1,,10,2,,2680,2256,,66.4,115.3,.349,.368,.569,52.3,50.8,13.6,11.6,.542,13.9,34.9,.243
170,Memphis NCAA,35,29,6,.829,12.15,5.66,,16,2,,13,2,,11,2,,2795,2568,,71.2,111.0,.393,.333,.567,52.1,51.5,10.8,13.3,.535,16.5,35.3,.276
171,Mercer,33,14,19,.424,-8.44,-5.11,,6,12,,7,6,,5,11,,2511,2485,,72.4,103.9,.289,.402,.522,50.6,47.4,11.5,7.8,.500,14.2,29.7,.189
172,Mercyhurst,31,15,16,.484,-15.65,-9.68,,9,7,,11,2,,4,14,,2105,2167,,65.4,102.6,.308,.358,.539,44.8,57.0,11.1,6.9,.494,14.6,23.8,.247
173,Merrimack,33,18,15,.545,-4.65,-6.04,,14,6,,8,5,,9,8,,2166,2120,,64.7,100.7,.244,.429,.521,41.3,49.7,14.6,10.6,.494,12.5,20.8,.177
174,Miami (FL),31,7,24,.226,0.38,7.03,,3,17,,7,10,,0,10,,2294,2500,,67.6,108.6,.264,.385,.551,48.2,47.0,9.4,9.6,.519,14.0,28.2,.202
175,Miami (OH),34,25,9,.735,-0.92,-5.36,,14,4,,15,1,,6,7,,2740,2473,,70.6,113.8,.275,.447,.592,50.4,55.8,11.3,10.3,.570,15.1,28.4,.199
176,Michigan NCAA,37,27,10,.730,20.21,13.69,,14,6,,13,3,,7,3,,2885,2644,,70.7,109.5,.357,.420,.571,53.0,58.0,7.5,9.5,.538,17.0,33.2,.260
177,Michigan State NCAA,37,30,7,.811,22.43,11.89,,17,3,,15,1,,8,2,,2874,2484,,69.0,112.3,.377,.329,.556,56.3,61.1,7.7,13.2,.509,14.0,35.3,.294
178,Middle Tennessee,34,22,12,.647,2.52,1.02,,12,6,,11,5,,8,5,,2608,2466,,69.2,108.1,.329,.393,.541,51.8,45.2,9.3,11.2,.516,14.0,31.4,.220
179,Milwaukee,32,21,11,.656,0.35,-3.79,,14,6,,13,3,,7,8,,2510,2295,,69.9,111.4,.382,.316,.548,56.8,50.4,10.9,9.4,.517,15.6,40.5,.261
180,Minnesota,32,15,17,.469,8.48,10.14,,7,13,,10,9,,5,5,,2178,2231,,63.8,104.6,.315,.359,.525,49.4,61.3,9.3,12.9,.499,14.3,30.2,.209
,,Overall,Overall,Overall,Overall,Overall,Overall,,Conf.,Conf.,,Home,Home,,Away,Away,,Points,Points,,School Advanced,School Advanced,School Advanced,School Advanced,School Advanced,School Advanced,School Advanced,School Advanced,School Advanced,School Advanced,School Advanced,School Advanced,School Advanced
181,Mississippi NCAA,36,24,12,.667,18.28,12.80,,10,8,,13,3,,5,6,,2779,2582,,69.2,110.8,.353,.400,.552,47.1,53.2,12.6,11.8,.514,11.4,25.5,.260
182,Mississippi State NCAA,34,21,13,.618,17.14,11.79,,8,10,,10,5,,6,5,,2704,2522,,69.6,113.0,.315,.427,.548,51.5,53.2,13.0,13.8,.519,12.9,33.9,.221
183,Mississippi Valley State,31,3,28,.097,-34.60,-4.77,,1,17,,2,9,,1,19,,1678,2506,,66.6,81.3,.307,.302,.467,43.1,42.3,9.0,5.4,.434,21.8,23.4,.203
184,Missouri NCAA,34,22,12,.647,19.49,9.49,,10,8,,18,2,,3,7,,2844,2504,,69.8,119.4,.471,.414,.596,50.9,49.7,13.4,7.3,.558,13.4,33.5,.344
185,Missouri State,32,9,23,.281,-3.94,0.52,,2,18,,7,8,,1,12,,2175,2268,,64.6,102.4,.347,.368,.538,51.3,50.3,11.1,8.1,.513,17.8,32.0,.228
186,Monmouth,33,13,20,.394,-8.14,-3.11,,10,8,,8,2,,4,14,,2321,2487,,67.3,103.3,.367,.346,.518,47.3,49.6,8.7,12.7,.472,14.0,29.8,.273
187,Montana NCAA,35,25,10,.714,-1.45,-1.60,,15,3,,15,1,,7,8,,2680,2565,,68.0,112.3,.349,.370,.594,49.2,49.2,9.2,8.4,.565,14.4,23.7,.256
188,Montana State,33,15,18,.455,-2.77,-2.71,,9,9,,11,3,,3,14,,2354,2298,,66.7,106.6,.311,.432,.559,47.0,52.1,9.5,9.1,.529,13.5,21.6,.226
189,Morehead State,32,15,17,.469,-13.65,-7.52,,10,10,,9,5,,6,10,,2116,2199,,65.8,100.2,.370,.345,.506,53.3,49.7,8.5,7.0,.470,15.3,31.9,.250
190,Morgan State,32,14,18,.438,-15.13,-8.55,,7,7,,11,4,,2,13,,2559,2584,,73.0,108.2,.356,.219,.551,50.1,43.7,9.4,11.3,.514,15.7,34.7,.259
191,Mount St. Mary's NCAA,36,23,13,.639,-7.91,-6.48,,12,8,,10,4,,9,8,,2524,2538,,68.0,101.7,.311,.411,.546,52.9,60.4,8.7,8.2,.512,18.9,30.9,.229
192,Murray State,33,16,17,.485,0.81,0.40,,9,11,,7,5,,6,8,,2371,2282,,65.8,106.7,.412,.400,.544,51.0,49.7,9.9,8.1,.502,14.7,29.4,.297
193,Navy,34,15,19,.441,-9.90,-8.78,,10,8,,9,5,,6,12,,2407,2393,,66.8,105.5,.334,.372,.525,51.5,54.0,9.7,8.2,.486,13.8,31.4,.245
194,NC State,31,12,19,.387,5.56,6.36,,5,15,,12,6,,0,11,,2158,2183,,65.8,105.4,.323,.362,.520,47.2,51.6,9.8,10.2,.483,12.5,28.8,.234
195,Nebraska,35,21,14,.600,13.86,10.46,,7,13,,10,6,,5,7,,2660,2541,,69.0,108.5,.355,.385,.559,50.1,53.4,10.2,9.0,.521,14.3,27.1,.266
196,Nevada,33,17,16,.515,9.44,5.25,,8,12,,11,6,,3,8,,2386,2248,,64.9,110.6,.373,.375,.568,50.7,58.8,9.5,12.4,.537,13.8,27.4,.262
197,Nevada-Las Vegas,33,18,15,.545,6.65,5.53,,11,9,,12,5,,5,7,,2285,2248,,66.0,104.9,.358,.346,.535,49.1,49.6,9.9,11.5,.497,14.1,27.3,.257
198,New Hampshire,32,8,24,.250,-19.80,-7.47,,6,10,,6,7,,2,15,,2124,2450,,69.0,96.2,.268,.409,.503,47.9,46.5,8.2,6.7,.479,16.7,27.9,.177
199,New Mexico NCAA,35,27,8,.771,15.20,6.52,,17,3,,16,1,,7,4,,2819,2472,,72.8,109.9,.367,.319,.546,52.5,51.6,11.9,13.9,.515,13.4,31.7,.253
200,New Mexico State,32,17,15,.531,0.86,0.41,,10,8,,9,6,,8,6,,2229,2110,,67.1,103.4,.334,.375,.508,52.8,47.4,9.5,7.3,.475,13.7,33.2,.225
,,Overall,Overall,Overall,Overall,Overall,Overall,,Conf.,Conf.,,Home,Home,,Away,Away,,Points,Points,,School Advanced,School Advanced,School Advanced,School Advanced,School Advanced,School Advanced,School Advanced,School Advanced,School Advanced,School Advanced,School Advanced,School Advanced,School Advanced
201,New Orleans,31,4,27,.129,-15.16,-0.61,,2,18,,0,11,,3,15,,2105,2556,,69.5,96.9,.339,.307,.493,47.7,50.1,10.4,7.1,.459,16.0,31.6,.227
202,Niagara,31,11,20,.355,-12.79,-8.56,,6,14,,6,7,,3,13,,2122,2214,,65.2,103.7,.307,.429,.558,48.3,52.2,9.4,6.5,.526,16.7,23.8,.227
203,Nicholls State,33,20,13,.606,-2.13,-2.46,,13,7,,11,4,,8,8,,2443,2296,,68.9,106.6,.329,.360,.522,50.1,43.0,11.6,10.6,.490,13.0,31.4,.226
204,NJIT,31,6,25,.194,-17.92,-7.85,,3,13,,4,9,,1,16,,2023,2269,,67.1,96.8,.271,.379,.494,48.6,43.0,7.1,9.6,.458,15.5,29.1,.198
205,Norfolk State NCAA,35,24,11,.686,-3.72,-6.65,,11,3,,11,1,,8,9,,2696,2440,,68.2,112.2,.383,.286,.575,51.5,50.0,10.2,9.1,.535,15.6,32.9,.290
206,North Alabama,35,24,11,.686,1.02,-5.50,,14,4,,16,1,,7,10,,2753,2471,,67.7,115.4,.316,.348,.548,52.4,42.3,11.0,9.7,.518,11.0,34.0,.224
207,North Carolina NCAA,37,23,14,.622,17.27,11.22,,13,7,,12,3,,6,6,,2987,2763,,70.7,113.4,.348,.372,.575,52.1,51.7,8.4,9.6,.541,13.3,29.1,.257
208,North Carolina A&T,32,7,25,.219,-13.28,-4.31,,3,15,,5,9,,2,15,,2213,2439,,69.5,99.5,.313,.366,.497,47.6,45.3,8.9,8.0,.464,13.3,27.3,.215
209,North Carolina Central,33,14,19,.424,-12.91,-8.05,,6,8,,10,4,,2,13,,2600,2501,,70.3,110.3,.381,.347,.552,50.0,56.8,11.7,6.5,.520,15.7,37.2,.265
210,North Dakota,33,12,21,.364,-7.39,-1.49,,5,11,,8,6,,2,12,,2550,2624,,70.4,109.8,.328,.402,.533,51.9,45.1,8.1,6.9,.500,13.6,34.1,.232
211,North Dakota State,32,21,11,.656,1.11,-3.58,,10,6,,11,4,,8,6,,2595,2386,,66.4,120.2,.334,.523,.613,51.3,55.1,5.4,4.9,.581,13.6,28.2,.259
212,North Florida,32,15,17,.469,-8.48,-3.74,,8,10,,8,6,,7,10,,2651,2712,,73.2,111.9,.243,.540,.559,47.1,55.2,8.5,7.1,.540,13.1,28.7,.167
213,North Texas,36,27,9,.750,7.70,0.84,,14,4,,17,1,,8,5,,2447,2165,,61.4,110.7,.355,.364,.556,52.8,44.5,12.3,8.2,.513,14.4,33.0,.273
214,Northeastern,32,17,15,.531,-4.64,-5.08,,9,9,,8,5,,7,8,,2243,2229,,67.1,104.4,.280,.348,.536,50.1,49.7,11.3,12.6,.511,16.0,31.4,.193
215,Northern Arizona,34,18,16,.529,-6.53,-5.73,,8,10,,10,5,,7,8,,2581,2435,,68.0,111.6,.286,.375,.542,53.8,52.9,9.0,4.3,.521,12.6,33.0,.189
216,Northern Colorado,35,25,10,.714,1.10,-3.84,,15,3,,13,2,,9,7,,2822,2545,,68.8,116.0,.328,.383,.605,53.4,53.9,8.8,6.3,.580,14.2,26.7,.238
217,Northern Illinois,31,6,25,.194,-16.60,-4.52,,2,16,,5,10,,1,15,,2199,2383,,70.9,98.9,.302,.479,.522,44.4,51.3,8.5,9.9,.490,14.4,19.5,.213
218,Northern Iowa,33,20,13,.606,5.24,0.46,,14,6,,14,3,,5,6,,2418,2223,,65.7,111.1,.352,.359,.578,51.1,52.6,9.0,9.2,.552,14.3,25.7,.244
219,Northern Kentucky,33,17,16,.515,-4.79,-3.14,,11,9,,12,6,,5,10,,2371,2377,,67.4,104.9,.314,.397,.530,49.2,54.8,11.3,9.4,.504,15.1,32.0,.210
220,Northwestern,33,17,16,.515,14.40,11.13,,7,13,,12,5,,2,9,,2390,2282,,66.1,107.9,.313,.342,.533,49.8,55.8,10.3,10.7,.498,12.8,31.2,.230
,,Overall,Overall,Overall,Overall,Overall,Overall,,Conf.,Conf.,,Home,Home,,Away,Away,,Points,Points,,School Advanced,School Advanced,School Advanced,School Advanced,School Advanced,School Advanced,School Advanced,School Advanced,School Advanced,School Advanced,School Advanced,School Advanced,School Advanced
221,Northwestern State,32,16,16,.500,-5.07,-1.44,,12,8,,9,5,,6,10,,2146,2204,,64.8,102.7,.327,.359,.529,50.8,53.8,10.4,12.5,.494,17.2,33.6,.234
222,Notre Dame,33,15,18,.455,7.07,6.92,,8,12,,11,5,,3,9,,2397,2392,,65.4,108.2,.318,.375,.551,51.9,44.2,8.3,5.1,.517,14.4,29.6,.235
223,Oakland,34,16,18,.471,-2.67,-0.95,,11,9,,9,4,,6,11,,2402,2436,,64.6,106.9,.312,.425,.531,51.1,51.1,9.9,8.7,.501,15.2,34.8,.218
224,Ohio,32,16,16,.500,-2.63,-4.37,,10,8,,12,3,,3,10,,2554,2449,,71.6,110.6,.330,.402,.576,48.1,50.1,10.0,7.4,.541,13.6,24.1,.251
225,Ohio State,32,17,15,.531,17.86,12.58,,9,11,,11,6,,4,7,,2522,2353,,68.5,112.4,.358,.377,.572,49.7,48.1,9.3,10.0,.535,13.7,28.9,.268
226,Oklahoma NCAA,34,20,14,.588,14.86,11.22,,6,12,,12,5,,2,7,,2661,2537,,69.9,112.0,.399,.416,.591,48.3,51.6,11.2,6.8,.544,15.4,26.6,.317
227,Oklahoma State,35,17,18,.486,6.89,10.18,,7,13,,13,4,,3,10,,2556,2671,,71.9,101.5,.410,.347,.530,50.2,51.4,12.6,8.9,.486,16.6,31.1,.294
228,Old Dominion,35,15,20,.429,-9.71,-4.25,,8,10,,7,9,,5,7,,2376,2502,,66.2,101.8,.316,.358,.487,51.7,44.0,8.3,9.0,.447,14.1,36.5,.226
229,Omaha NCAA,35,22,13,.629,-1.61,-2.43,,13,3,,11,2,,7,9,,2707,2634,,69.1,112.0,.363,.394,.563,52.0,49.4,8.6,7.4,.529,13.6,29.7,.262
230,Oral Roberts,30,7,23,.233,-11.71,-0.78,,3,13,,7,7,,0,15,,2200,2356,,68.3,106.9,.348,.457,.557,46.5,41.5,7.2,6.7,.519,15.0,24.5,.262
231,Oregon NCAA,35,25,10,.714,18.00,12.32,,12,8,,12,4,,7,4,,2679,2480,,68.7,110.2,.330,.383,.562,51.5,52.9,10.3,9.9,.525,14.2,30.5,.250
232,Oregon State,33,20,13,.606,8.62,2.24,,10,8,,15,3,,3,7,,2516,2276,,65.1,115.8,.381,.354,.591,53.3,54.8,9.9,9.3,.548,14.6,32.2,.299
233,Pacific,33,9,24,.273,-7.11,2.09,,4,14,,5,10,,2,13,,2295,2500,,68.2,101.3,.326,.375,.528,50.7,51.4,8.3,8.3,.491,16.6,29.5,.236
234,Penn State,31,16,15,.516,13.57,7.70,,6,14,,11,6,,3,8,,2452,2270,,71.0,111.4,.379,.362,.580,50.2,57.8,11.4,11.3,.541,15.4,28.6,.287
235,Pennsylvania,27,8,19,.296,-10.56,-2.74,,4,10,,5,8,,3,10,,1878,2089,,67.5,102.6,.289,.444,.523,48.3,55.7,7.3,4.7,.494,14.3,26.8,.202
236,Pepperdine,35,13,22,.371,-2.82,2.56,,4,14,,7,9,,2,11,,2560,2681,,69.5,105.3,.314,.347,.535,49.4,60.1,8.8,7.3,.503,13.9,28.2,.225
237,Pittsburgh,32,17,15,.531,13.27,8.24,,8,12,,13,4,,3,9,,2428,2267,,66.8,112.6,.342,.414,.564,49.5,51.4,10.8,12.5,.522,12.9,29.0,.267
238,Portland,32,12,20,.375,-7.29,2.17,,7,11,,9,7,,3,9,,2334,2574,,69.5,103.4,.316,.428,.551,47.9,61.6,6.6,8.1,.511,16.1,24.1,.245
239,Portland State,32,19,13,.594,-4.41,-5.27,,11,7,,13,1,,5,10,,2418,2227,,69.9,107.6,.321,.318,.543,52.4,51.3,11.7,14.0,.525,15.5,34.2,.202
240,Prairie View,32,5,27,.156,-19.30,-7.30,,4,14,,3,7,,2,19,,2286,2637,,71.7,99.6,.341,.337,.522,41.8,47.6,11.3,8.1,.489,14.8,24.8,.236
,,Overall,Overall,Overall,Overall,Overall,Overall,,Conf.,Conf.,,Home,Home,,Away,Away,,Points,Points,,School Advanced,School Advanced,School Advanced,School Advanced,School Advanced,School Advanced,School Advanced,School Advanced,School Advanced,School Advanced,School Advanced,School Advanced,School Advanced
241,Presbyterian,33,14,19,.424,-6.68,-4.35,,7,9,,8,5,,4,12,,2449,2341,,66.5,110.4,.317,.340,.557,50.2,48.0,10.1,9.0,.530,13.7,30.0,.221
242,Princeton,30,19,11,.633,-2.85,-2.49,,8,6,,9,4,,7,4,,2209,2162,,68.6,107.4,.240,.487,.544,50.0,57.5,10.7,6.5,.520,13.3,27.1,.171
243,Providence,32,12,20,.375,7.17,8.33,,6,14,,10,6,,2,9,,2283,2320,,66.6,106.6,.296,.455,.546,52.8,51.2,7.4,9.2,.521,16.3,33.2,.203
244,Purdue NCAA,36,24,12,.667,20.80,13.91,,13,7,,14,2,,5,6,,2781,2533,,66.2,116.8,.346,.384,.589,51.7,58.3,9.7,5.1,.559,13.7,31.8,.254
245,Purdue Fort Wayne,32,19,13,.594,-1.00,-4.06,,12,8,,12,2,,6,10,,2583,2388,,70.5,113.2,.284,.455,.582,45.0,47.3,12.2,7.9,.554,12.1,22.4,.213
246,Queens (NC),35,20,15,.571,-5.41,-4.95,,11,7,,9,5,,9,9,,2685,2611,,69.7,108.9,.348,.444,.555,51.3,59.9,9.2,13.8,.528,15.5,31.7,.239
247,Quinnipiac,33,20,13,.606,-5.94,-7.72,,15,5,,12,2,,7,10,,2439,2358,,71.6,102.9,.313,.379,.524,53.9,52.7,11.5,12.3,.482,15.4,33.3,.239
248,Radford,33,20,13,.606,-2.72,-3.43,,9,7,,10,3,,7,9,,2441,2314,,64.9,113.1,.398,.366,.566,53.1,45.4,8.5,9.4,.521,14.8,34.6,.304
249,Rhode Island,31,18,13,.581,1.06,-0.91,,7,11,,14,3,,1,9,,2419,2328,,71.2,108.3,.426,.378,.565,51.3,51.9,8.2,8.9,.531,15.8,28.9,.296
250,Rice,32,13,19,.406,-2.08,-2.12,,4,14,,7,8,,4,8,,2249,2249,,65.9,105.8,.434,.387,.524,52.3,50.7,7.0,8.4,.485,15.0,33.7,.296
251,Richmond,32,10,22,.313,-5.48,1.45,,5,13,,6,9,,2,11,,2137,2302,,64.8,100.7,.311,.457,.534,46.5,51.2,9.0,7.1,.489,14.0,19.6,.246
252,Rider,33,14,19,.424,-12.06,-7.24,,9,11,,5,7,,8,11,,2211,2370,,65.3,102.6,.296,.301,.512,50.4,51.1,8.2,9.1,.477,14.6,32.2,.214
253,Robert Morris NCAA,35,26,9,.743,0.40,-4.92,,15,5,,16,2,,8,6,,2694,2485,,68.8,109.8,.375,.366,.550,53.4,60.2,9.1,12.1,.513,15.6,35.5,.270
254,Rutgers,32,15,17,.469,10.41,10.94,,8,12,,11,5,,3,8,,2465,2482,,69.4,108.8,.362,.363,.542,49.1,47.7,9.9,10.2,.506,13.3,30.8,.260
255,Sacramento State,32,7,25,.219,-14.10,-4.06,,3,15,,5,11,,2,13,,2119,2257,,66.1,100.2,.311,.458,.530,50.2,56.0,9.0,10.5,.504,17.4,27.7,.210
256,Sacred Heart,33,15,18,.455,-9.00,-8.41,,10,10,,8,5,,5,11,,2502,2481,,70.0,107.8,.262,.445,.544,50.9,61.1,10.5,8.6,.516,15.0,31.8,.192
257,Saint Francis (PA) NCAA,34,16,18,.471,-12.76,-7.41,,8,8,,10,4,,6,13,,2415,2433,,67.1,104.0,.233,.421,.557,49.7,53.7,9.1,7.3,.534,16.9,26.1,.169
258,Saint Joseph's,35,22,13,.629,7.28,0.85,,11,7,,13,5,,4,6,,2627,2402,,68.4,109.0,.317,.465,.551,51.7,56.2,9.5,13.8,.516,14.2,30.3,.237
259,Saint Louis,34,19,15,.559,3.04,2.04,,11,7,,14,3,,4,9,,2527,2423,,68.5,107.8,.306,.501,.585,50.2,56.6,9.2,8.2,.565,16.7,23.7,.210
260,Saint Mary's (CA) NCAA,35,29,6,.829,17.43,6.46,,17,1,,16,1,,9,1,,2551,2138,,63.7,113.6,.309,.334,.533,57.5,56.3,9.5,10.6,.504,12.4,39.8,.215
,,Overall,Overall,Overall,Overall,Overall,Overall,,Conf.,Conf.,,Home,Home,,Away,Away,,Points,Points,,School Advanced,School Advanced,School Advanced,School Advanced,School Advanced,School Advanced,School Advanced,School Advanced,School Advanced,School Advanced,School Advanced,School Advanced,School Advanced
261,Saint Peter's,28,12,16,.429,-10.64,-8.45,,7,13,,6,6,,6,10,,1848,1842,,65.0,100.6,.343,.382,.502,53.2,46.3,10.3,10.7,.458,17.2,37.7,.254
262,Sam Houston,32,13,19,.406,-2.86,1.31,,6,12,,9,4,,3,13,,2411,2433,,69.1,107.8,.357,.384,.556,50.3,49.8,9.2,8.4,.520,15.7,31.1,.259
263,Samford,33,22,11,.667,1.13,-3.58,,12,6,,13,3,,9,7,,2736,2492,,71.8,114.5,.289,.464,.571,50.5,56.0,13.6,11.6,.545,15.2,35.4,.209
264,San Diego,33,6,27,.182,-8.37,1.63,,2,16,,5,13,,0,12,,2314,2629,,71.6,98.0,.306,.357,.501,47.9,45.9,10.4,10.2,.459,16.0,30.1,.230
265,San Diego State NCAA,31,21,10,.677,12.77,8.14,,14,6,,12,3,,6,4,,2194,2004,,66.4,105.8,.317,.402,.535,49.8,51.2,11.4,18.6,.509,14.2,29.6,.210
266,San Francisco,35,25,10,.714,10.46,3.87,,13,5,,17,3,,5,5,,2660,2420,,69.0,109.7,.343,.435,.559,50.7,52.3,9.5,9.2,.528,14.7,29.3,.244
267,San Jose State,35,15,20,.429,0.50,4.05,,7,13,,7,9,,3,9,,2525,2568,,67.1,106.3,.307,.407,.549,48.9,50.7,8.8,7.9,.514,14.9,28.0,.228
268,Santa Clara,34,21,13,.618,13.22,4.25,,12,6,,12,5,,6,5,,2786,2481,,70.1,115.7,.284,.464,.585,53.5,59.5,9.2,8.3,.560,14.5,32.7,.207
269,Seattle,32,14,18,.438,-0.21,-1.35,,8,8,,9,5,,4,11,,2254,2125,,67.9,103.7,.426,.369,.521,50.8,51.7,11.9,9.9,.474,14.4,30.3,.305
270,Seton Hall,32,7,25,.219,-0.26,8.36,,2,18,,5,11,,0,11,,1970,2246,,64.7,94.0,.329,.305,.481,47.8,50.7,12.4,11.9,.447,16.4,31.2,.218
271,Siena,32,14,18,.438,-7.46,-7.58,,9,11,,9,5,,4,10,,2311,2307,,67.6,105.2,.373,.399,.537,48.7,48.3,10.0,13.3,.494,15.0,28.8,.277
272,South Alabama,32,21,11,.656,1.52,-4.12,,13,5,,13,4,,8,6,,2334,2066,,64.2,110.9,.335,.457,.549,49.5,56.6,14.2,11.4,.518,12.3,29.0,.236
273,South Carolina,32,12,20,.375,9.89,11.55,,2,16,,10,8,,1,10,,2233,2286,,66.8,103.7,.433,.390,.534,51.6,54.7,8.4,7.8,.489,15.9,30.4,.310
274,South Carolina State,33,20,13,.606,-4.62,-9.05,,11,3,,10,2,,7,10,,2624,2324,,71.5,110.3,.429,.336,.566,52.6,57.0,13.2,9.8,.529,16.8,36.6,.304
275,South Carolina Upstate,32,6,26,.188,-15.67,-2.70,,2,14,,4,10,,2,14,,2393,2673,,74.1,100.9,.312,.374,.537,47.3,48.4,10.2,6.3,.511,16.9,25.8,.211
276,South Dakota,33,19,14,.576,-5.69,-3.49,,9,7,,14,2,,4,11,,2812,2763,,74.7,114.1,.440,.385,.553,47.5,40.4,10.1,8.6,.511,11.1,30.8,.314
277,South Dakota State,32,20,12,.625,2.15,-1.82,,11,5,,13,1,,4,8,,2546,2352,,69.7,114.2,.306,.408,.574,56.5,49.4,6.7,8.2,.543,14.8,33.8,.229
278,South Florida,32,13,19,.406,-2.15,-0.18,,6,12,,9,6,,2,10,,2381,2385,,69.7,105.9,.344,.374,.539,47.6,54.6,11.8,9.6,.503,13.8,28.3,.248
279,Southeast Missouri State,33,21,12,.636,-4.84,-7.80,,15,5,,12,3,,8,7,,2442,2212,,69.7,105.4,.279,.368,.546,49.2,49.7,11.6,9.6,.518,13.6,25.2,.202
280,Southeastern Louisiana,32,18,14,.563,-4.00,-4.67,,12,8,,8,4,,9,8,,2324,2232,,67.5,106.7,.346,.319,.538,51.5,45.9,10.2,7.3,.497,14.7,31.5,.259
,,Overall,Overall,Overall,Overall,Overall,Overall,,Conf.,Conf.,,Home,Home,,Away,Away,,Points,Points,,School Advanced,School Advanced,School Advanced,School Advanced,School Advanced,School Advanced,School Advanced,School Advanced,School Advanced,School Advanced,School Advanced,School Advanced,School Advanced
281,Southern,32,20,12,.625,-6.83,-7.90,,15,3,,11,1,,9,10,,2392,2184,,70.6,105.1,.370,.338,.522,53.7,48.9,13.6,11.8,.490,14.9,36.0,.247
282,Southern California,35,17,18,.486,12.97,10.86,,7,13,,12,7,,3,7,,2685,2611,,69.0,110.4,.355,.348,.582,49.6,56.5,9.1,8.7,.548,15.7,27.9,.263
283,Southern Illinois,33,14,19,.424,-2.22,1.07,,8,12,,7,8,,5,7,,2405,2458,,68.4,105.7,.338,.333,.546,51.7,53.4,9.1,8.5,.520,15.8,30.3,.228
284,SIU Edwardsville NCAA,34,22,12,.647,-6.12,-7.44,,13,7,,12,3,,7,8,,2436,2260,,67.7,105.0,.323,.368,.520,51.5,52.9,9.7,11.5,.492,14.2,31.9,.216
285,Southern Indiana,30,10,20,.333,-13.86,-8.40,,5,15,,8,7,,2,13,,2144,2204,,68.5,103.0,.303,.344,.523,49.2,44.8,9.7,7.6,.488,14.6,29.0,.221
286,Southern Methodist,35,24,11,.686,14.35,5.72,,13,7,,13,6,,7,4,,2797,2495,,69.3,115.3,.367,.351,.576,53.9,56.1,11.6,10.7,.545,14.7,36.3,.262
287,Southern Mississippi,33,11,22,.333,-9.91,-3.33,,5,13,,9,6,,1,13,,2352,2507,,71.4,99.0,.334,.367,.520,50.0,56.5,9.6,11.3,.486,16.9,28.7,.231
288,Southern Utah,31,12,19,.387,-10.63,-2.13,,4,12,,8,7,,3,11,,2163,2285,,70.8,98.5,.357,.326,.518,50.5,48.9,7.2,9.8,.476,17.7,31.0,.261
289,St. Bonaventure,34,22,12,.647,2.92,0.07,,9,9,,12,4,,7,6,,2334,2218,,65.3,104.7,.300,.352,.533,50.6,43.8,11.5,11.0,.499,13.9,28.0,.218
290,St. John's (NY) NCAA,36,31,5,.861,21.25,8.56,,18,2,,18,0,,8,2,,2825,2368,,70.1,110.3,.303,.310,.522,53.7,53.6,12.5,14.9,.492,12.6,37.9,.210
291,St. Thomas,34,24,10,.706,1.01,-4.51,,12,4,,14,0,,7,8,,2827,2544,,69.8,118.8,.336,.462,.615,47.2,53.6,10.2,9.4,.582,12.3,22.8,.262
292,Stanford,35,21,14,.600,8.78,6.07,,11,9,,17,3,,3,8,,2571,2476,,67.1,109.4,.299,.417,.547,50.7,53.9,10.1,10.0,.507,13.5,30.9,.236
293,Stephen F. Austin,31,14,17,.452,-8.01,-3.29,,7,13,,8,8,,6,9,,2065,2118,,68.2,96.5,.319,.368,.501,51.4,51.3,12.1,11.5,.475,19.0,35.8,.202
294,Stetson,32,8,24,.250,-16.70,-4.70,,6,12,,5,9,,3,11,,2293,2608,,69.5,102.4,.338,.379,.546,46.5,46.7,7.4,8.1,.509,16.5,25.0,.249
295,Stonehill,32,15,17,.469,-13.12,-9.55,,7,9,,11,3,,3,13,,2198,2242,,66.3,103.7,.319,.445,.546,49.8,60.7,9.7,7.0,.513,16.2,27.5,.231
296,Stony Brook,32,8,24,.250,-13.84,-4.42,,4,14,,5,9,,3,13,,2128,2372,,64.9,102.5,.311,.392,.520,48.8,48.8,7.9,6.3,.480,15.5,29.8,.232
297,Syracuse,33,14,19,.424,4.95,8.04,,7,13,,11,6,,2,9,,2464,2566,,68.7,106.3,.331,.327,.542,52.7,49.9,6.9,6.8,.510,15.4,31.4,.234
298,Tarleton State,32,12,20,.375,-10.31,-0.31,,7,9,,10,3,,1,14,,2025,2227,,68.5,92.4,.422,.253,.523,48.9,48.5,13.7,12.2,.473,22.5,30.7,.309
299,TCU,32,16,16,.500,10.49,11.64,,9,11,,14,3,,2,9,,2162,2199,,67.1,100.3,.335,.347,.497,50.6,49.9,11.3,10.7,.468,14.6,33.0,.217
300,Temple,32,17,15,.531,-0.24,-0.37,,9,9,,12,2,,3,9,,2520,2487,,69.4,110.9,.452,.318,.553,50.7,41.3,9.0,9.5,.506,13.4,31.9,.333
,,Overall,Overall,Overall,Overall,Overall,Overall,,Conf.,Conf.,,Home,Home,,Away,Away,,Points,Points,,School Advanced,School Advanced,School Advanced,School Advanced,School Advanced,School Advanced,School Advanced,School Advanced,School Advanced,School Advanced,School Advanced,School Advanced,School Advanced
301,Tennessee NCAA,38,30,8,.789,24.20,13.25,,12,6,,16,1,,6,5,,2813,2397,,64.9,114.0,.355,.434,.563,53.5,60.6,10.7,15.1,.525,13.7,35.6,.265
302,Tennessee State,33,17,16,.515,-8.01,-8.71,,12,8,,12,3,,4,10,,2577,2418,,71.6,106.6,.404,.343,.550,54.2,48.4,9.8,9.9,.519,17.8,36.3,.275
303,Tennessee Tech,32,15,17,.469,-11.09,-7.82,,10,10,,9,5,,5,10,,2308,2371,,69.0,103.8,.290,.469,.541,47.0,60.0,9.1,6.5,.515,14.9,24.2,.202
304,Tennessee-Martin,33,14,19,.424,-11.18,-8.18,,9,11,,8,5,,5,12,,2455,2373,,68.0,107.0,.342,.475,.529,53.0,53.5,11.6,9.5,.495,15.7,35.9,.239
305,Texas NCAA,35,19,16,.543,15.65,9.79,,6,12,,11,7,,4,6,,2747,2542,,68.4,113.1,.368,.353,.566,50.7,47.3,9.0,11.6,.526,12.5,29.7,.275
306,Texas A&M NCAA,34,23,11,.676,19.30,13.39,,11,7,,13,3,,5,5,,2537,2336,,67.8,109.2,.413,.377,.517,55.9,47.4,11.1,13.5,.476,14.4,41.4,.286
307,Texas A&M-Corpus Christi,34,20,14,.588,-0.99,-3.39,,12,8,,15,2,,4,11,,2576,2291,,68.5,110.5,.354,.294,.558,53.0,52.6,11.5,10.3,.540,15.0,33.7,.223
308,Texas Southern,32,15,17,.469,-10.27,-8.23,,12,6,,9,4,,6,12,,2325,2307,,71.6,100.7,.281,.353,.520,49.1,51.8,11.9,9.6,.488,16.6,30.8,.203
309,Texas State,32,16,16,.500,-3.60,-3.77,,9,9,,10,4,,4,10,,2439,2346,,67.2,110.9,.364,.277,.556,53.0,53.6,10.3,11.1,.515,15.2,35.8,.276
310,Texas Tech NCAA,37,28,9,.757,23.05,10.62,,15,5,,15,3,,8,2,,2993,2533,,66.5,119.5,.292,.445,.578,53.1,57.2,9.3,8.3,.547,12.1,34.2,.222
311,Texas-Rio Grande Valley,31,16,15,.516,-6.05,-3.38,,8,12,,12,4,,2,11,,2378,2294,,71.5,107.4,.220,.507,.548,50.2,61.2,10.6,7.0,.527,16.1,31.7,.156
312,The Citadel,30,5,25,.167,-18.37,-4.49,,0,18,,5,12,,0,12,,1997,2251,,66.3,99.1,.345,.455,.509,48.5,52.1,8.9,6.1,.486,16.1,28.8,.213
313,Toledo,33,18,15,.545,-6.03,-2.78,,10,8,,9,4,,6,9,,2603,2645,,69.6,113.0,.354,.284,.552,49.3,46.7,7.7,7.2,.512,11.6,30.4,.265
314,Towson,33,22,11,.667,-1.92,-3.57,,16,2,,12,1,,9,5,,2309,2201,,64.1,108.0,.283,.377,.512,52.6,42.0,10.0,9.9,.484,12.0,35.3,.193
315,Troy NCAA,34,23,11,.676,3.55,-2.10,,13,5,,11,4,,9,6,,2495,2235,,67.5,108.7,.379,.449,.541,53.8,55.6,14.0,12.9,.502,16.6,39.0,.272
316,Tulane,34,19,15,.559,1.24,-0.73,,12,6,,14,3,,4,7,,2533,2393,,68.1,109.0,.357,.396,.559,49.0,57.2,10.8,13.1,.519,14.0,27.3,.271
317,Tulsa,33,13,20,.394,-5.93,-1.90,,6,12,,8,9,,3,8,,2352,2430,,67.6,103.8,.338,.426,.531,49.1,54.3,8.9,6.9,.503,14.5,27.3,.225
318,UAB,37,24,13,.649,4.70,-0.10,,13,5,,14,4,,7,6,,3040,2822,,70.4,115.9,.309,.295,.544,53.5,53.6,9.5,10.3,.506,11.6,37.9,.236
319,UC Davis,32,15,17,.469,-6.41,-1.51,,9,11,,8,6,,7,10,,2175,2249,,68.6,98.6,.376,.350,.517,47.7,48.0,11.4,10.4,.470,16.8,28.9,.279
320,UC Irvine,39,32,7,.821,7.60,-0.80,,17,3,,13,2,,14,3,,2962,2613,,69.7,107.2,.366,.349,.564,52.6,60.2,9.3,8.8,.517,15.9,27.8,.290
,,Overall,Overall,Overall,Overall,Overall,Overall,,Conf.,Conf.,,Home,Home,,Away,Away,,Points,Points,,School Advanced,School Advanced,School Advanced,School Advanced,School Advanced,School Advanced,School Advanced,School Advanced,School Advanced,School Advanced,School Advanced,School Advanced,School Advanced
321,UC Riverside,34,21,13,.618,-1.47,0.38,,14,6,,14,1,,7,11,,2542,2550,,68.0,108.3,.269,.428,.532,51.7,49.7,7.9,6.7,.498,13.7,33.2,.203
322,UC San Diego NCAA,35,30,5,.857,12.63,-1.92,,18,2,,13,2,,12,2,,2777,2163,,67.4,117.7,.322,.503,.585,49.7,57.7,14.6,7.1,.555,11.4,26.7,.240
323,UC Santa Barbara,34,21,13,.618,0.28,-3.50,,11,9,,12,5,,7,7,,2527,2340,,66.9,111.0,.302,.472,.584,50.6,58.1,9.0,8.7,.553,16.1,27.7,.231
324,UCF,37,20,17,.541,10.59,11.22,,7,13,,13,5,,2,8,,2951,2974,,72.5,108.2,.356,.417,.543,48.7,52.1,10.3,10.9,.497,14.3,31.9,.276
325,UCLA NCAA,34,23,11,.676,19.68,10.71,,13,7,,15,2,,5,5,,2522,2217,,66.2,112.0,.323,.365,.558,50.9,61.1,12.2,11.0,.528,13.7,32.7,.230
326,UNC Asheville,32,21,11,.656,-5.36,-4.71,,11,5,,13,1,,6,9,,2630,2450,,70.8,114.8,.344,.367,.567,49.1,47.7,10.5,11.7,.537,12.6,31.3,.246
327,UNC Greensboro,32,20,12,.625,-0.99,-4.13,,13,5,,11,3,,8,6,,2332,2092,,65.2,111.8,.296,.427,.553,51.9,50.9,9.2,8.7,.522,13.0,31.8,.217
328,UNC Wilmington NCAA,35,27,8,.771,2.36,-3.95,,14,4,,15,3,,9,4,,2771,2459,,67.4,116.2,.370,.367,.570,55.0,55.4,9.4,10.3,.531,13.7,36.5,.278
329,UT Arlington,31,13,18,.419,-5.55,-2.83,,6,10,,9,4,,3,11,,2302,2320,,69.1,106.1,.367,.423,.547,50.8,54.6,8.5,8.0,.521,16.6,33.1,.243
330,Utah,33,16,17,.485,11.44,8.50,,8,12,,15,4,,1,9,,2493,2396,,69.3,108.6,.368,.439,.541,53.4,65.6,9.2,10.2,.518,15.1,34.4,.236
331,Utah State NCAA,34,26,8,.765,13.56,5.35,,15,5,,15,2,,7,4,,2716,2381,,67.2,118.8,.369,.427,.587,52.1,61.2,12.7,9.0,.560,13.6,34.9,.259
332,Utah Tech,33,7,26,.212,-10.29,-1.65,,2,14,,5,8,,0,16,,2305,2508,,69.3,100.5,.331,.387,.522,47.6,51.6,9.3,8.2,.489,15.9,28.0,.230
333,Utah Valley,34,25,9,.735,1.91,-3.31,,15,1,,12,0,,10,7,,2584,2322,,69.4,108.8,.414,.314,.554,53.4,58.2,9.5,14.2,.521,15.1,31.5,.285
334,UTEP,33,18,15,.545,-0.63,0.34,,7,11,,11,5,,4,8,,2392,2335,,69.5,103.9,.373,.365,.541,46.0,52.6,14.6,9.2,.503,15.0,25.6,.267
335,UTSA,31,12,19,.387,-2.55,0.52,,6,12,,7,7,,4,11,,2378,2382,,70.4,108.1,.287,.442,.543,46.0,48.2,13.4,10.0,.503,13.4,28.8,.227
336,Valparaiso,34,15,19,.441,-2.90,-0.12,,6,14,,10,7,,3,10,,2539,2513,,68.5,107.8,.328,.383,.537,49.2,46.8,8.4,10.3,.491,12.3,27.4,.259
337,Vanderbilt NCAA,33,20,13,.606,14.66,10.05,,8,10,,14,3,,3,7,,2604,2452,,69.8,112.6,.334,.404,.552,50.0,50.2,12.8,11.2,.515,12.5,31.6,.249
338,Vermont,33,21,12,.636,-8.06,-7.61,,13,3,,13,3,,7,8,,2199,2106,,64.4,103.4,.304,.433,.537,50.8,51.3,8.7,13.0,.505,15.3,26.8,.219
339,Villanova,36,21,15,.583,13.28,7.45,,11,9,,14,3,,3,8,,2664,2454,,63.8,115.7,.292,.437,.581,52.1,48.4,8.8,7.8,.545,13.3,30.3,.232
340,Virginia,32,15,17,.469,5.71,7.71,,8,12,,10,7,,4,7,,2073,2137,,61.6,105.1,.264,.428,.556,47.1,63.6,8.9,11.3,.527,14.8,22.4,.199
,,Overall,Overall,Overall,Overall,Overall,Overall,,Conf.,Conf.,,Home,Home,,Away,Away,,Points,Points,,School Advanced,School Advanced,School Advanced,School Advanced,School Advanced,School Advanced,School Advanced,School Advanced,School Advanced,School Advanced,School Advanced,School Advanced,School Advanced
341,Virginia Commonwealth NCAA,35,28,7,.800,14.45,1.30,,15,3,,15,1,,7,3,,2693,2201,,66.6,115.1,.321,.480,.560,53.3,56.4,12.0,15.3,.526,14.1,36.9,.239
342,VMI,34,15,19,.441,-11.25,-4.88,,7,11,,7,7,,5,10,,2492,2487,,68.8,106.1,.352,.477,.546,48.9,51.3,11.5,8.2,.504,15.2,28.3,.268
343,Virginia Tech,32,13,19,.406,2.62,6.62,,8,12,,8,9,,5,5,,2213,2341,,66.1,103.5,.308,.404,.543,50.9,51.5,8.1,5.8,.512,17.4,31.0,.220
344,Wagner,30,14,16,.467,-15.75,-10.29,,6,10,,8,6,,6,10,,1874,1818,,61.8,99.9,.295,.379,.503,53.6,57.0,11.3,5.8,.469,15.9,32.6,.209
345,Wake Forest,32,21,11,.656,9.63,7.47,,13,7,,13,3,,6,6,,2246,2177,,67.9,103.4,.361,.352,.538,48.3,45.8,10.6,12.7,.494,14.8,26.8,.273
346,Washington,31,13,18,.419,6.26,10.76,,4,16,,9,9,,2,9,,2219,2339,,68.6,103.4,.352,.357,.537,48.9,50.6,9.3,10.5,.506,15.3,27.6,.240
347,Washington State,34,19,15,.559,4.67,4.32,,8,10,,10,4,,4,7,,2683,2671,,71.6,109.8,.327,.413,.589,50.0,59.3,8.9,12.7,.566,17.9,31.1,.229
348,Weber State,34,12,22,.353,-9.64,-3.16,,5,13,,5,10,,4,11,,2443,2443,,66.9,106.6,.343,.382,.552,49.3,44.9,9.6,7.4,.521,14.4,25.5,.241
349,West Georgia,31,6,25,.194,-15.57,-4.50,,4,14,,4,8,,2,15,,2140,2426,,69.3,99.6,.286,.301,.510,47.4,52.1,10.1,9.2,.480,14.3,26.2,.198
350,West Virginia,32,19,13,.594,14.89,11.54,,10,10,,13,4,,4,7,,2181,2074,,65.2,102.9,.256,.461,.528,47.6,56.5,11.4,11.6,.500,14.3,25.9,.185
351,Western Carolina,30,8,22,.267,-15.83,-2.35,,4,14,,7,7,,1,14,,2090,2371,,71.6,96.1,.277,.488,.505,49.5,50.3,7.3,8.7,.468,16.9,27.0,.207
352,Western Illinois,31,12,19,.387,-15.22,-8.50,,6,14,,8,7,,4,11,,2130,2211,,65.5,104.1,.275,.376,.536,50.4,41.0,8.2,9.8,.511,15.8,30.2,.190
353,Western Kentucky,32,17,15,.531,-0.50,1.00,,8,10,,13,5,,4,9,,2395,2392,,72.9,102.3,.309,.399,.523,47.8,45.3,11.1,7.9,.488,13.3,23.9,.224
354,Western Michigan,32,12,20,.375,-9.55,-4.17,,9,9,,6,9,,6,10,,2306,2433,,69.4,103.8,.309,.332,.504,52.0,46.8,10.0,6.8,.474,13.3,34.3,.208
355,Wichita State,34,19,15,.559,2.29,1.81,,8,10,,11,6,,5,7,,2516,2485,,69.4,105.8,.351,.283,.528,52.2,44.2,9.6,11.7,.488,14.2,32.4,.256
356,William & Mary,32,17,15,.531,-6.26,-4.26,,11,7,,12,2,,4,11,,2487,2445,,71.2,109.1,.348,.517,.574,49.0,62.8,10.2,5.2,.544,15.8,26.9,.251
357,Winthrop,34,23,11,.676,-1.68,-4.17,,11,5,,16,2,,5,8,,2879,2651,,74.1,113.1,.470,.390,.570,51.6,44.9,10.6,8.8,.540,15.0,33.4,.314
358,Wisconsin NCAA,37,27,10,.730,20.73,11.49,,13,7,,14,3,,6,5,,2964,2622,,68.7,116.3,.342,.482,.584,51.7,54.2,7.5,6.3,.538,12.3,28.0,.282
359,Wofford NCAA,35,19,16,.543,-0.13,-2.34,,10,8,,7,6,,8,8,,2623,2451,,65.2,114.1,.303,.480,.554,55.4,56.0,9.1,8.6,.534,13.9,36.9,.200
360,Wright State,33,15,18,.455,-4.89,-3.79,,8,12,,11,4,,3,12,,2551,2520,,68.1,112.2,.270,.377,.586,51.4,52.7,8.3,8.2,.566,15.6,29.0,.191
,,Overall,Overall,Overall,Overall,Overall,Overall,,Conf.,Conf.,,Home,Home,,Away,Away,,Points,Points,,School Advanced,School Advanced,School Advanced,School Advanced,School Advanced,School Advanced,School Advanced,School Advanced,School Advanced,School Advanced,School Advanced,School Advanced,School Advanced
361,Wyoming,32,12,20,.375,-0.67,4.21,,5,15,,8,7,,3,10,,2149,2277,,65.7,101.8,.300,.399,.529,51.5,47.9,6.7,8.2,.506,16.9,30.7,.196
362,Xavier NCAA,34,22,12,.647,15.25,8.72,,13,7,,15,2,,5,7,,2656,2434,,69.4,111.7,.367,.376,.584,50.4,62.8,11.1,6.9,.541,14.0,24.4,.289
363,Yale NCAA,30,22,8,.733,6.66,-3.10,,13,1,,11,0,,7,6,,2439,2102,,69.0,117.9,.313,.323,.580,54.8,54.9,8.4,11.7,.552,12.6,33.0,.228
364,Youngstown State,34,21,13,.618,-3.85,-4.98,,13,7,,10,5,,9,6,,2599,2446,,70.6,107.5,.358,.461,.548,50.5,53.1,9.8,13.2,.510,14.9,30.9,.262
